CVEGEO,CVE_ENT,CVE_MUN,NOMGEO
01001,01,001,Aguascalientes
01008,01,008,San José de Gracia
01011,01,011,San Francisco de los Romo
01009,01,009,Tepezalá
01007,01,007,Rincón de Romos
01006,01,006,Pabellón de Arteaga
01004,01,004,Cosío
01005,01,005,Jesús María
01010,01,010,El Llano
01003,01,003,Calvillo
01002,01,002,Asientos
02007,02,007,San Felipe
02003,02,003,Tecate
02004,02,004,Tijuana
02001,02,001,Ensenada
02006,02,006,San Quintín
02005,02,005,Playas de Rosarito
02002,02,002,Mexicali
03001,03,001,Comondú
03008,03,008,Los Cabos
03003,03,003,La Paz
03002,03,002,Mulegé
03009,03,009,Loreto
04008,04,008,Tenabo
04005,04,005,Hecelchakán
04003,04,003,Carmen
04012,04,012,Seybaplaya
04001,04,001,Calkiní
04010,04,010,Calakmul
04006,04,006,Hopelchén
04011,04,011,Candelaria
04004,04,004,Champotón
04013,04,013,Dzitbalché
04002,04,002,Campeche
04009,04,009,Escárcega
04007,04,007,Palizada
05010,05,010,Frontera
05036,05,036,Viesca
05018,05,018,Monclova
05029,05,029,Sacramento
05007,05,007,Cuatro Ciénegas
05032,05,032,San Juan de Sabinas
05006,05,006,Castaños
05003,05,003,Allende
05012,05,012,Guerrero
05009,05,009,Francisco I. Madero
05005,05,005,Candela
05004,05,004,Arteaga
05016,05,016,Lamadrid
05035,05,035,Torreón
05014,05,014,Jiménez
05008,05,008,Escobedo
05019,05,019,Morelos
05038,05,038,Zaragoza
05037,05,037,Villa Unión
05001,05,001,Abasolo
05017,05,017,Matamoros
05002,05,002,Acuña
05026,05,026,Progreso
05021,05,021,Nadadores
05013,05,013,Hidalgo
05024,05,024,Parras
05020,05,020,Múzquiz
05023,05,023,Ocampo
05022,05,022,Nava
05015,05,015,Juárez
05011,05,011,General Cepeda
05034,05,034,Sierra Mojada
05033,05,033,San Pedro
05031,05,031,San Buenaventura
05030,05,030,Saltillo
05028,05,028,Sabinas
05027,05,027,Ramos Arizpe
05025,05,025,Piedras Negras
06009,06,009,Tecomán
06005,06,005,Cuauhtémoc
06010,06,010,Villa de Álvarez
06008,06,008,Minatitlán
06002,06,002,Colima
06007,06,007,Manzanillo
06006,06,006,Ixtlahuacán
06003,06,003,Comala
06001,06,001,Armería
06004,06,004,Coquimatlán
07106,07,106,Venustiano Carranza
07090,07,090,Tapalapa
07022,07,022,Chalchihuitán
07073,07,073,Rayón
07042,07,042,Ixhuatán
07036,07,036,La Grandeza
07121,07,121,Rincón Chamula San Pedro
07119,07,119,Santiago el Pinar
07124,07,124,Mezcalapa
07123,07,123,Emiliano Zapata
07067,07,067,Pantepec
07091,07,091,Tapilula
07114,07,114,Benemérito de las Américas
07069,07,069,Pijijiapan
07081,07,081,Simojovel
07080,07,080,Siltepec
07065,07,065,Palenque
07077,07,077,Salto de Agua
07086,07,086,Suchiapa
07010,07,010,Bejucal de Ocampo
07011,07,011,Bella Vista
07024,07,024,Chanal
07028,07,028,Chiapilla
07122,07,122,El Parral
07001,07,001,Acacoyagua
07002,07,002,Acala
07003,07,003,Acapetahua
07004,07,004,Altamirano
07005,07,005,Amatán
07006,07,006,Amatenango de la Frontera
07007,07,007,Amatenango del Valle
07029,07,029,Chicoasén
07012,07,012,Berriozábal
07013,07,013,Bochil
07014,07,014,El Bosque
07015,07,015,Cacahoatán
07016,07,016,Catazajá
07019,07,019,Comitán de Domínguez
07020,07,020,La Concordia
07021,07,021,Copainalá
07033,07,033,Francisco León
07053,07,053,Mazapa de Madero
07025,07,025,Chapultenango
07026,07,026,Chenalhó
07027,07,027,Chiapa de Corzo
07030,07,030,Chicomuselo
07031,07,031,Chilón
07055,07,055,Metapa
07023,07,023,Chamula
07034,07,034,Frontera Comalapa
07075,07,075,Las Rosas
07076,07,076,Sabanilla
07038,07,038,Huixtán
07039,07,039,Huitiupán
07040,07,040,Huixtla
07041,07,041,La Independencia
07043,07,043,Ixtacomitán
07044,07,044,Ixtapa
07045,07,045,Ixtapangajoya
07046,07,046,Jiquipilas
07048,07,048,Juárez
07052,07,052,Las Margaritas
07056,07,056,Mitontic
07054,07,054,Mazatán
07072,07,072,Pueblo Nuevo Solistahuacán
07111,07,111,Zinacantán
07110,07,110,San Lucas
07051,07,051,Mapastepec
07050,07,050,La Libertad
07049,07,049,Larráinzar
07096,07,096,Tila
07097,07,097,Tonalá
07099,07,099,La Trinitaria
07058,07,058,Nicolás Ruíz
07060,07,060,Ocotepec
07070,07,070,El Porvenir
07063,07,063,Osumacinta
07057,07,057,Motozintla
07101,07,101,Tuxtla Gutiérrez
07102,07,102,Tuxtla Chico
07103,07,103,Tuzantán
07104,07,104,Tzimol
07079,07,079,San Fernando
07120,07,120,Capitán Luis Ángel Vidal
07107,07,107,Villa Corzo
07108,07,108,Villaflores
07109,07,109,Yajalón
07085,07,085,Soyaló
07088,07,088,Sunuapa
07093,07,093,Tenejapa
07098,07,098,Totolapa
07100,07,100,Tumbalá
07105,07,105,Unión Juárez
07112,07,112,San Juan Cancuc
07087,07,087,Suchiate
07113,07,113,Aldama
07115,07,115,Maravilla Tenejapa
07117,07,117,Montecristo de Guerrero
07118,07,118,San Andrés Duraznal
07047,07,047,Jitotol
07092,07,092,Tecpatán
07018,07,018,Coapilla
07059,07,059,Ocosingo
07061,07,061,Ocozocoautla de Espinosa
07064,07,064,Oxchuc
07066,07,066,Pantelhó
07071,07,071,Villa Comaltitlán
07078,07,078,San Cristóbal de las Casas
07032,07,032,Escuintla
07125,07,125,Honduras de la Sierra
07035,07,035,Frontera Hidalgo
07062,07,062,Ostuacán
07037,07,037,Huehuetán
07068,07,068,Pichucalco
07074,07,074,Reforma
07082,07,082,Sitalá
07083,07,083,Socoltenango
07084,07,084,Solosuchiapa
07089,07,089,Tapachula
07008,07,008,Ángel Albino Corzo
07009,07,009,Arriaga
07017,07,017,Cintalapa de Figueroa
07116,07,116,Marqués de Comillas
07094,07,094,Teopisca
08037,08,037,Juárez
08021,08,021,Delicias
08019,08,019,Chihuahua
08001,08,001,Ahumada
08006,08,006,Bachíniva
08052,08,052,Ojinaga
08020,08,020,Chínipas
08041,08,041,Maguarichi
08055,08,055,Rosales
08032,08,032,Hidalgo del Parral
08017,08,017,Cuauhtémoc
08043,08,043,Matachí
08016,08,016,La Cruz
08023,08,023,Galeana
08059,08,059,San Francisco del Oro
08015,08,015,Coyame del Sotol
08049,08,049,Nonoava
08036,08,036,Jiménez
08060,08,060,Santa Bárbara
08007,08,007,Balleza
08008,08,008,Batopilas de Manuel Gómez Morín
08051,08,051,Ocampo
08067,08,067,Valle de Zaragoza
08062,08,062,Saucillo
08061,08,061,Satevó
08029,08,029,Guadalupe y Calvo
08003,08,003,Allende
08014,08,014,Coronado
08018,08,018,Cusihuiriachi
08054,08,054,Riva Palacio
08058,08,058,San Francisco de Conchos
08002,08,002,Aldama
08065,08,065,Urique
08063,08,063,Temósachic
08022,08,022,Dr. Belisario Domínguez
08066,08,066,Uruachi
08004,08,004,Aquiles Serdán
08009,08,009,Bocoyna
08010,08,010,Buenaventura
08011,08,011,Camargo
08012,08,012,Carichí
08013,08,013,Casas Grandes
08053,08,053,Praxedis G. Guerrero
08057,08,057,San Francisco de Borja
08044,08,044,Matamoros
08031,08,031,Guerrero
08056,08,056,Valle del Rosario
08045,08,045,Meoqui
08046,08,046,Morelos
08047,08,047,Moris
08025,08,025,Gómez Farías
08048,08,048,Namiquipa
08024,08,024,Santa Isabel
08064,08,064,El Tule
08050,08,050,Nuevo Casas Grandes
08026,08,026,Gran Morelos
08027,08,027,Guachochi
08028,08,028,Guadalupe
08030,08,030,Guazapares
08033,08,033,Huejotitán
08034,08,034,Ignacio Zaragoza
08035,08,035,Janos
08038,08,038,Julimes
08039,08,039,López
08040,08,040,Madera
08042,08,042,Manuel Benavides
08005,08,005,Ascensión
09005,09,005,Gustavo A. Madero
09007,09,007,Iztapalapa
09015,09,015,Cuauhtémoc
09017,09,017,Venustiano Carranza
09013,09,013,Xochimilco
09003,09,003,Coyoacán
09008,09,008,La Magdalena Contreras
09009,09,009,Milpa Alta
09010,09,010,Álvaro Obregón
09014,09,014,Benito Juárez
09011,09,011,Tláhuac
09006,09,006,Iztacalco
09002,09,002,Azcapotzalco
09012,09,012,Tlalpan
09004,09,004,Cuajimalpa de Morelos
09016,09,016,Miguel Hidalgo
10009,10,009,Guanaceví
10017,10,017,Ocampo
10036,10,036,Tlahualilo
10021,10,021,Peñón Blanco
10034,10,034,Tamazula
10024,10,024,Rodeo
10012,10,012,Lerdo
10039,10,039,Nuevo Ideal
10018,10,018,El Oro
10011,10,011,Indé
10005,10,005,Durango
10010,10,010,Hidalgo
10030,10,030,San Pedro del Gallo
10029,10,029,San Luis del Cordero
10023,10,023,Pueblo Nuevo
10033,10,033,Súchil
10016,10,016,Nombre de Dios
10003,10,003,Coneto de Comonfort
10004,10,004,Cuencamé
10006,10,006,General Simón Bolívar
10025,10,025,San Bernardo
10008,10,008,Guadalupe Victoria
10027,10,027,San Juan de Guadalupe
10001,10,001,Canatlán
10035,10,035,Tepehuanes
10014,10,014,Mezquital
10022,10,022,Poanas
10038,10,038,Vicente Guerrero
10037,10,037,Topia
10019,10,019,Otáez
10028,10,028,San Juan del Río
10026,10,026,San Dimas
10015,10,015,Nazas
10031,10,031,Santa Clara
10007,10,007,Gómez Palacio
10020,10,020,Pánuco de Coronado
10032,10,032,Santiago Papasquiaro
10013,10,013,Mapimí
10002,10,002,Canelas
11044,11,044,Villagrán
11017,11,017,Irapuato
11037,11,037,Silao de la Victoria
11010,11,010,Coroneo
11031,11,031,San Francisco del Rincón
11015,11,015,Guanajuato
11034,11,034,Santa Catarina
11036,11,036,Santiago Maravatío
11030,11,030,San Felipe
11026,11,026,Romita
11009,11,009,Comonfort
11016,11,016,Huanímaro
11024,11,024,Pueblo Nuevo
11029,11,029,San Diego de la Unión
11011,11,011,Cortazar
11027,11,027,Salamanca
11025,11,025,Purísima del Rincón
11003,11,003,San Miguel de Allende
11004,11,004,Apaseo el Alto
11005,11,005,Apaseo el Grande
11043,11,043,Victoria
11022,11,022,Ocampo
11014,11,014,Dolores Hidalgo Cuna de la Independencia Nacional
11045,11,045,Xichú
11001,11,001,Abasolo
11033,11,033,San Luis de la Paz
11006,11,006,Atarjea
11002,11,002,Acámbaro
11012,11,012,Cuerámaro
11013,11,013,Doctor Mora
11007,11,007,Celaya
11019,11,019,Jerécuaro
11035,11,035,Santa Cruz de Juventino Rosas
11018,11,018,Jaral del Progreso
11008,11,008,Manuel Doblado
11041,11,041,Uriangato
11028,11,028,Salvatierra
11040,11,040,Tierra Blanca
11042,11,042,Valle de Santiago
11039,11,039,Tarimoro
11032,11,032,San José de Iturbide
11023,11,023,Pénjamo
11038,11,038,Tarandacuao
11046,11,046,Yuriria
11021,11,021,Moroleón
11020,11,020,León
12021,12,021,Coyuca de Benítez
12060,12,060,Tetipac
12063,12,063,Tlacoapa
12082,12,082,Las Vigas
12024,12,024,Cualác
12058,12,058,Teloloapan
12010,12,010,Atlixtac
12011,12,011,Atoyac de Álvarez
12012,12,012,Ayutla de los Libres
12004,12,004,Alcozauca de Guerrero
12068,12,068,La Unión de Isidoro Montes de Oca
12043,12,043,Metlatónoc
12007,12,007,Arcelia
12057,12,057,Técpan de Galeana
12066,12,066,Tlapa de Comonfort
12056,12,056,Tecoanapa
12001,12,001,Acapulco de Juárez
12075,12,075,Eduardo Neri
12055,12,055,Taxco de Alarcón
12006,12,006,Apaxtla de Castrejón
12037,12,037,Ixcateopan de Cuauhtémoc
12085,12,085,San Nicolás
12027,12,027,Cutzamala de Pinzón
12015,12,015,Buenavista de Cuéllar
12074,12,074,Zitlala
12014,12,014,Benito Juárez
12018,12,018,Copala
12072,12,072,Zapotitlán Tablas
12009,12,009,Atlamajalcingo del Monte
12081,12,081,Iliatenco
12084,12,084,Santa Cruz del Rincón
12071,12,071,Xochistlahuaca
12070,12,070,Xochihuehuetlán
12083,12,083,Ñuu Savi
12079,12,079,José Joaquín de Herrera
12076,12,076,Acatepec
12065,12,065,Tlalixtaquilla de Maldonado
12073,12,073,Zirándaro
12064,12,064,Tlalchapa
12019,12,019,Copalillo
12005,12,005,Alpoyeca
12030,12,030,Florencio Villarreal
12069,12,069,Xalpatláhuac
12036,12,036,Igualapa
12080,12,080,Juchitán
12078,12,078,Cochoapa el Grande
12077,12,077,Marquelia
12023,12,023,Cuajinicuilapa
12048,12,048,Petatlán
12053,12,053,San Marcos
12054,12,054,San Miguel Totolapan
12047,12,047,Pedro Ascencio Alquisiras
12049,12,049,Pilcaya
12050,12,050,Pungarabato
12051,12,051,Quechultenango
12045,12,045,Olinalá
12046,12,046,Ometepec
12040,12,040,Leonardo Bravo
12013,12,013,Azoyú
12062,12,062,Tlacoachistlahuaca
12041,12,041,Malinaltepec
12042,12,042,Mártir de Cuilapan
12044,12,044,Mochitlán
12038,12,038,Zihuatanejo de Azueta
12039,12,039,Juan R. Escudero
12002,12,002,Ahuacuotzingo
12003,12,003,Ajuchitlán del Progreso
12034,12,034,Huitzuco de los Figueroa
12035,12,035,Iguala de la Independencia
12031,12,031,General Canuto A. Neri
12032,12,032,General Heliodoro Castillo
12033,12,033,Huamuxtitlán
12028,12,028,Chilapa de Álvarez
12029,12,029,Chilpancingo de los Bravo
12008,12,008,Atenango del Río
12025,12,025,Cuautepec
12026,12,026,Cuetzala del Progreso
12059,12,059,Tepecoacuilco de Trujano
12061,12,061,Tixtla de Guerrero
12052,12,052,San Luis Acatlán
12067,12,067,Tlapehuala
12016,12,016,Coahuayutla de José María Izazaga
12017,12,017,Cocula
12020,12,020,Copanatoyac
12022,12,022,Coyuca de Catalán
13031,13,031,Jacala de Ledezma
13005,13,005,Ajacuba
13075,13,075,Tolcayuca
13028,13,028,Huejutla de Reyes
13045,13,045,Omitlán de Juárez
13021,13,021,Emiliano Zapata
13001,13,001,Acatlán
13002,13,002,Acaxochitlán
13049,13,049,Pisaflores
13003,13,003,Actopan
13030,13,030,Ixmiquilpan
13023,13,023,Francisco I. Madero
13004,13,004,Agua Blanca de Iturbide
13027,13,027,Huehuetla
13022,13,022,Epazoyucan
13020,13,020,Eloxochitlán
13074,13,074,Tlaxcoapan
13070,13,070,Tlahuelilpan
13018,13,018,Chapulhuacán
13029,13,029,Huichapan
13071,13,071,Tlahuiltepa
13076,13,076,Tula de Allende
13046,13,046,San Felipe Orizatlán
13065,13,065,Tetepango
13061,13,061,Tepeapulco
13047,13,047,Pacula
13078,13,078,Xochiatipan
13063,13,063,Tepeji del Río de Ocampo
13017,13,017,Chapantongo
13083,13,083,Zempoala
13072,13,072,Tlanalapa
13067,13,067,Tezontepec de Aldama
13026,13,026,Huazalingo
13062,13,062,Tepehuacán de Guerrero
13044,13,044,Nopala de Villagrán
13016,13,016,Cuautepec de Hinojosa
13015,13,015,Cardonal
13014,13,014,Calnali
13068,13,068,Tianguistengo
13084,13,084,Zimapán
13081,13,081,Zacualtipán de Ángeles
13043,13,043,Nicolás Flores
13066,13,066,Villa de Tezontepec
13013,13,013,Atotonilco de Tula
13025,13,025,Huautla
13048,13,048,Pachuca de Soto
13038,13,038,Mineral del Chico
13052,13,052,San Agustín Tlaxiaca
13037,13,037,Metztitlán
13036,13,036,San Agustín Metzquititlán
13053,13,053,San Bartolo Tutotepec
13012,13,012,Atotonilco el Grande
13011,13,011,Atlapexco
13010,13,010,Atitalaquia
13009,13,009,El Arenal
13008,13,008,Apan
13007,13,007,Almoloya
13006,13,006,Alfajayucan
13054,13,054,San Salvador
13055,13,055,Santiago de Anaya
13080,13,080,Yahualica
13079,13,079,Xochicoatlán
13035,13,035,Metepec
13073,13,073,Tlanchinol
13034,13,034,Lolotla
13019,13,019,Chilcuautla
13077,13,077,Tulancingo de Bravo
13051,13,051,Mineral de la Reforma
13082,13,082,Zapotlán de Juárez
13064,13,064,Tepetitlán
13024,13,024,Huasca de Ocampo
13041,13,041,Mixquiahuala de Juárez
13060,13,060,Tenango de Doria
13059,13,059,Tecozautla
13032,13,032,Jaltocán
13058,13,058,Tasquillo
13057,13,057,Singuilucan
13050,13,050,Progreso de Obregón
13056,13,056,Santiago Tulantepec de Lugo Guerrero
13042,13,042,Molango de Escamilla
13040,13,040,La Misión
13069,13,069,Tizayuca
13039,13,039,Mineral del Monte
13033,13,033,Juárez Hidalgo
14018,14,018,La Barca
14097,14,097,Tlajomulco de Zúñiga
14114,14,114,Villa Corona
14113,14,113,San Gabriel
14112,14,112,Valle de Juárez
14111,14,111,Valle de Guadalupe
14110,14,110,Unión de Tula
14109,14,109,Unión de San Antonio
14124,14,124,Zapotlanejo
14065,14,065,Pihuamo
14116,14,116,Villa Hidalgo
14117,14,117,Cañadas de Obregón
14118,14,118,Yahualica de González Gallo
14119,14,119,Zacoalco de Torres
14014,14,014,Atoyac
14015,14,015,Autlán de Navarro
14017,14,017,Ayutla
14043,14,043,La Huerta
14106,14,106,Tuxcacuesco
14107,14,107,Tuxcueca
14108,14,108,Tuxpan
14115,14,115,Villa Guerrero
14075,14,075,San Marcos
14077,14,077,San Martín Hidalgo
14078,14,078,San Miguel el Alto
14074,14,074,San Julián
14076,14,076,San Martín de Bolaños
14069,14,069,Quitupan
14123,14,123,Zapotlán del Rey
14122,14,122,Zapotitlán de Vadillo
14121,14,121,Zapotiltic
14120,14,120,Zapopan
14002,14,002,Acatlán de Juárez
14003,14,003,Ahualulco de Mercado
14005,14,005,Amatitán
14055,14,055,Magdalena
14086,14,086,Tapalpa
14098,14,098,San Pedro Tlaquepaque
14025,14,025,Colotlán
14027,14,027,Cuautitlán de García Barragán
14028,14,028,Cuautla
14101,14,101,Tonalá
14022,14,022,Cihuatlán
14039,14,039,Guadalajara
14044,14,044,Ixtlahuacán de los Membrillos
14051,14,051,Juanacatlán
14070,14,070,El Salto
14125,14,125,San Ignacio Cerro Gordo
14071,14,071,San Cristóbal de la Barranca
14068,14,068,Villa Purificación
14067,14,067,Puerto Vallarta
14066,14,066,Poncitlán
14064,14,064,Ojuelos de Jalisco
14063,14,063,Ocotlán
14062,14,062,Mixtlán
14061,14,061,Mezquitic
14060,14,060,Mexticacán
14059,14,059,Mazamitla
14058,14,058,Mascota
14057,14,057,La Manzanilla de la Paz
14056,14,056,Santa María del Oro
14054,14,054,El Limón
14053,14,053,Lagos de Moreno
14052,14,052,Juchitlán
14050,14,050,Jocotepec
14031,14,031,Chimaltitán
14049,14,049,Jilotlán de los Dolores
14048,14,048,Jesús María
14047,14,047,Jamay
14046,14,046,Jalostotitlán
14045,14,045,Ixtlahuacán del Río
14042,14,042,Huejuquilla el Alto
14041,14,041,Huejúcar
14040,14,040,Hostotipaquillo
14038,14,038,Guachinango
14037,14,037,El Grullo
14036,14,036,Etzatlán
14035,14,035,Encarnación de Díaz
14034,14,034,Ejutla
14033,14,033,Degollado
14004,14,004,Amacueca
14019,14,019,Bolaños
14001,14,001,Acatic
14006,14,006,Ameca
14007,14,007,San Juanito de Escobedo
14008,14,008,Arandas
14009,14,009,El Arenal
14072,14,072,San Diego de Alejandría
14080,14,080,San Sebastián del Oeste
14081,14,081,Santa María de los Ángeles
14082,14,082,Sayula
14083,14,083,Tala
14084,14,084,Talpa de Allende
14085,14,085,Tamazula de Gordiano
14087,14,087,Tecalitlán
14088,14,088,Tecolotlán
14089,14,089,Techaluta de Montenegro
14094,14,094,Tequila
14095,14,095,Teuchitlán
14096,14,096,Tizapán el Alto
14032,14,032,Chiquilistlán
14030,14,030,Chapala
14029,14,029,Cuquío
14026,14,026,Concepción de Buenos Aires
14024,14,024,Cocula
14023,14,023,Zapotlán el Grande
14021,14,021,Casimiro Castillo
14020,14,020,Cabo Corrientes
14016,14,016,Ayotlán
14011,14,011,Atengo
14013,14,013,Atotonilco el Alto
14010,14,010,Atemajac de Brizuela
14012,14,012,Atenguillo
14073,14,073,San Juan de los Lagos
14079,14,079,Gómez Farías
14093,14,093,Tepatitlán de Morelos
14099,14,099,Tolimán
14100,14,100,Tomatlán
14102,14,102,Tonaya
14103,14,103,Tonila
14104,14,104,Totatiche
14105,14,105,Tototlán
14090,14,090,Tenamaxtlán
14091,14,091,Teocaltiche
14092,14,092,Teocuitatlán de Corona
15116,15,116,Zacazonapan
15072,15,072,Rayón
15003,15,003,Aculco
15007,15,007,Amanalco
15094,15,094,Tepetlixpa
15032,15,032,Donato Guerra
15081,15,081,Tecámac
15071,15,071,Polotitlán
15070,15,070,La Paz
15026,15,026,Chapa de Mota
15061,15,061,Nopaltepec
15057,15,057,Naucalpan de Juárez
15120,15,120,Zumpango
15110,15,110,Valle de Bravo
15030,15,030,Chiconcuac
15044,15,044,Jaltenco
15093,15,093,Tepetlaoxtoc
15108,15,108,Tultepec
15111,15,111,Villa de Allende
15016,15,016,Axapusco
15112,15,112,Villa del Carbón
15113,15,113,Villa Guerrero
15123,15,123,Luvianos
15074,15,074,San Felipe del Progreso
15125,15,125,Tonanitla
15053,15,053,Melchor Ocampo
15055,15,055,Mexicaltzingo
15073,15,073,San Antonio la Isla
15015,15,015,Atlautla
15014,15,014,Atlacomulco
15056,15,056,Morelos
15054,15,054,Metepec
15076,15,076,San Mateo Atenco
15060,15,060,Nicolás Romero
15083,15,083,Temamatla
15024,15,024,Cuautitlán
15059,15,059,Nextlalpan
15009,15,009,Amecameca
15067,15,067,Otzolotepec
15031,15,031,Chimalhuacán
15092,15,092,Teotihuacán
15066,15,066,Otzoloapan
15098,15,098,Texcalyacac
15025,15,025,Chalco
15077,15,077,San Simón de Guerrero
15078,15,078,Santo Tomás
15096,15,096,Tequixquiac
15104,15,104,Tlalnepantla de Baz
15107,15,107,Tonatico
15100,15,100,Tezoyuca
15082,15,082,Tejupilco
15058,15,058,Nezahualcóyotl
15064,15,064,El Oro
15109,15,109,Tultitlán
15023,15,023,Coyotepec
15040,15,040,Ixtapan de la Sal
15039,15,039,Ixtapaluca
15005,15,005,Almoloya de Juárez
15086,15,086,Temascaltepec
15042,15,042,Ixtlahuaca
15049,15,049,Joquicingo
15052,15,052,Malinalco
15103,15,103,Tlalmanalco
15050,15,050,Juchitepec
15101,15,101,Tianguistenco
15090,15,090,Tenango del Valle
15062,15,062,Ocoyoacac
15105,15,105,Tlatlaya
15068,15,068,Ozumba
15080,15,080,Sultepec
15106,15,106,Toluca
15118,15,118,Zinacantepec
15036,15,036,Hueypoxtla
15013,15,013,Atizapán de Zaragoza
15124,15,124,San José del Rincón
15117,15,117,Zacualpan
15046,15,046,Jilotzingo
15115,15,115,Xonacatlán
15045,15,045,Jilotepec
15006,15,006,Almoloya del Río
15012,15,012,Atizapán
15034,15,034,Ecatzingo
15041,15,041,Ixtapan del Oro
15017,15,017,Ayapango
15102,15,102,Timilpan
15089,15,089,Tenango del Aire
15029,15,029,Chicoloapan
15087,15,087,Temoaya
15069,15,069,Papalotla
15084,15,084,Temascalapa
15119,15,119,Zumpahuacán
15008,15,008,Amatepec
15011,15,011,Atenco
15121,15,121,Cuautitlán Izcalli
15075,15,075,San Martín de las Pirámides
15018,15,018,Calimaya
15019,15,019,Capulhuac
15020,15,020,Coacalco de Berriozábal
15022,15,022,Cocotitlán
15047,15,047,Jiquipilco
15001,15,001,Acambay de Ruíz Castañeda
15048,15,048,Jocotitlán
15028,15,028,Chiautla
15063,15,063,Ocuilan
15051,15,051,Lerma
15085,15,085,Temascalcingo
15088,15,088,Tenancingo
15027,15,027,Chapultepec
15122,15,122,Valle de Chalco Solidaridad
15099,15,099,Texcoco
15004,15,004,Almoloya de Alquisiras
15043,15,043,Xalatlaco
15035,15,035,Huehuetoca
15065,15,065,Otumba
15079,15,079,Soyaniquilpan de Juárez
15010,15,010,Apaxco
15037,15,037,Huixquilucan
15038,15,038,Isidro Fabela
15091,15,091,Teoloyucan
15033,15,033,Ecatepec de Morelos
15097,15,097,Texcaltitlán
15114,15,114,Villa Victoria
15095,15,095,Tepotzotlán
15021,15,021,Coatepec Harinas
15002,15,002,Acolman
16045,16,045,Jiquilpan
16093,16,093,Tlalpujahua
16092,16,092,Tiquicheo de Nicolás Romero
16088,16,088,Tarímbaro
16085,16,085,Tangancícuaro
16084,16,084,Tangamandapio
16074,16,074,Cojumatlán de Régules
16055,16,055,Múgica
16061,16,061,Ocampo
16073,16,073,Quiroga
16104,16,104,Villamar
16089,16,089,Tepalcatepec
16103,16,103,Venustiano Carranza
16102,16,102,Uruapan
16071,16,071,Puruándiro
16064,16,064,Parácuaro
16063,16,063,Panindícuaro
16062,16,062,Pajacuarán
16060,16,060,Numarán
16059,16,059,Nuevo Urecho
16058,16,058,Nuevo Parangaricutiro
16057,16,057,Nocupétaro
16056,16,056,Nahuatzen
16079,16,079,Salvador Escalante
16078,16,078,Santa Ana Maya
16018,16,018,Copándaro
16019,16,019,Cotija
16020,16,020,Cuitzeo
16021,16,021,Charapan
16022,16,022,Charo
16067,16,067,Penjamillo
16072,16,072,Queréndaro
16086,16,086,Tanhuato
16087,16,087,Taretan
16047,16,047,Jungapeo
16046,16,046,Juárez
16012,16,012,Buenavista
16065,16,065,Paracho
16066,16,066,Pátzcuaro
16068,16,068,Peribán
16069,16,069,La Piedad
16070,16,070,Purépero
16083,16,083,Tancítaro
16002,16,002,Aguililla
16094,16,094,Tlazazalca
16095,16,095,Tocumbo
16100,16,100,Tzintzuntzan
16105,16,105,Vista Hermosa
16101,16,101,Tzitzio
16111,16,111,Ziracuaretiro
16034,16,034,Hidalgo
16017,16,017,Contepec
16016,16,016,Coeneo
16015,16,015,Coalcomán de Vázquez Pallares
16014,16,014,Coahuayana
16053,16,053,Morelia
16052,16,052,Lázaro Cárdenas
16051,16,051,Marcos Castellanos
16050,16,050,Maravatío
16049,16,049,Madero
16042,16,042,Ixtlán
16041,16,041,Irimbo
16038,16,038,Huetamo
16037,16,037,Huaniqueo
16036,16,036,Huandacareo
16035,16,035,La Huacana
16023,16,023,Chavinda
16025,16,025,Chilchota
16040,16,040,Indaparapeo
16039,16,039,Huiramba
16026,16,026,Chinicuila
16027,16,027,Chucándiro
16028,16,028,Churintzio
16029,16,029,Churumuco
16030,16,030,Ecuandureo
16054,16,054,Morelos
16033,16,033,Gabriel Zamora
16076,16,076,Sahuayo
16075,16,075,Los Reyes
16080,16,080,Senguio
16081,16,081,Susupuato
16082,16,082,Tacámbaro
16099,16,099,Tuzantla
16003,16,003,Álvaro Obregón
16090,16,090,Tingambato
16091,16,091,Tingüindín
16048,16,048,Lagunillas
16001,16,001,Acuitzio
16024,16,024,Cherán
16009,16,009,Ario
16008,16,008,Aquila
16007,16,007,Aporo
16006,16,006,Apatzingán
16005,16,005,Angangueo
16004,16,004,Angamacutiro
16011,16,011,Briseñas
16010,16,010,Arteaga
16110,16,110,Zinapécuaro
16109,16,109,Zináparo
16108,16,108,Zamora
16107,16,107,Zacapu
16106,16,106,Yurécuaro
16013,16,013,Carácuaro
16044,16,044,Jiménez
16043,16,043,Jacona
16077,16,077,San Lucas
16032,16,032,Erongarícuaro
16031,16,031,Epitacio Huerta
16098,16,098,Tuxpan
16097,16,097,Turicato
16096,16,096,Tumbiscatío
16113,16,113,José Sixto Verduzco
16112,16,112,Zitácuaro
17008,17,008,Emiliano Zapata
17003,17,003,Axochiapan
17036,17,036,Hueyapan
17029,17,029,Yautepec
17018,17,018,Temixco
17014,17,014,Mazatepec
17019,17,019,Tepalcingo
17006,17,006,Cuautla
17001,17,001,Amacuzac
17025,17,025,Tlaquiltenango
17002,17,002,Atlatlahucan
17026,17,026,Tlayacapan
17023,17,023,Tlalnepantla
17004,17,004,Ayala
17010,17,010,Jantetelco
17017,17,017,Puente de Ixtla
17015,17,015,Miacatlán
17022,17,022,Tetela del Volcán
17009,17,009,Huitzilac
17011,17,011,Jiutepec
17012,17,012,Jojutla
17024,17,024,Tlaltizapán de Zapata
17030,17,030,Yecapixtla
17013,17,013,Jonacatepec de Leandro Valle
17034,17,034,Coatetelco
17020,17,020,Tepoztlán
17031,17,031,Zacatepec
17021,17,021,Tetecala
17027,17,027,Totolapan
17016,17,016,Ocuituco
17032,17,032,Zacualpan de Amilpas
17033,17,033,Temoac
17035,17,035,Xoxocotla
17007,17,007,Cuernavaca
17005,17,005,Coatlán del Río
17028,17,028,Xochitepec
18009,18,009,Del Nayar
18003,18,003,Amatlán de Cañas
18015,18,015,Santiago Ixcuintla
18014,18,014,Santa María del Oro
18007,18,007,Jala
18005,18,005,Huajicori
18017,18,017,Tepic
18013,18,013,San Pedro Lagunillas
18012,18,012,San Blas
18011,18,011,Ruíz
18010,18,010,Rosamorada
18002,18,002,Ahuacatlán
18001,18,001,Acaponeta
18018,18,018,Tuxpan
18019,18,019,La Yesca
18004,18,004,Compostela
18006,18,006,Ixtlán del Río
18020,18,020,Bahía de Banderas
18008,18,008,Xalisco
18016,18,016,Tecuala
19035,19,035,Melchor Ocampo
19036,19,036,Mier y Noriega
19002,19,002,Agualeguas
19013,19,013,China
19014,19,014,Doctor Arroyo
19032,19,032,Lampazos de Naranjo
19001,19,001,Abasolo
19031,19,031,Juárez
19015,19,015,Doctor Coss
19043,19,043,Rayones
19048,19,048,Santa Catarina
19047,19,047,Hidalgo
19040,19,040,Parás
19037,19,037,Mina
19027,19,027,Los Herreras
19020,19,020,General Bravo
19005,19,005,Anáhuac
19019,19,019,San Pedro Garza García
19041,19,041,Pesquería
19008,19,008,Bustamante
19026,19,026,Guadalupe
19051,19,051,Villaldama
19007,19,007,Aramberri
19050,19,050,Vallecillo
19049,19,049,Santiago
19034,19,034,Marín
19045,19,045,Salinas Victoria
19038,19,038,Montemorelos
19033,19,033,Linares
19010,19,010,El Carmen
19023,19,023,General Treviño
19009,19,009,Cadereyta Jiménez
19029,19,029,Hualahuises
19030,19,030,Iturbide
19006,19,006,Apodaca
19028,19,028,Higueras
19025,19,025,General Zuazua
19046,19,046,San Nicolás de los Garza
19021,19,021,General Escobedo
19003,19,003,Los Aldamas
19042,19,042,Los Ramones
19018,19,018,García
19017,19,017,Galeana
19016,19,016,Doctor González
19011,19,011,Cerralvo
19044,19,044,Sabinas Hidalgo
19004,19,004,Allende
19022,19,022,General Terán
19024,19,024,General Zaragoza
19039,19,039,Monterrey
19012,19,012,Ciénega de Flores
20155,20,155,San Ildefonso Sola
20481,20,481,Santiago Nuyoó
20378,20,378,Santa Cruz Mixtepec
20334,20,334,Villa de Tututepec
20437,20,437,Santa María Tlahuitoltepec
20441,20,441,Santa María Xadani
20446,20,446,Santa María Yucuhiti
20447,20,447,Santa María Zacatepec
20469,20,469,Santiago Juxtlahuaca
20440,20,440,Santa María Totolapilla
20513,20,513,Santo Domingo Petapa
20278,20,278,San Miguel Soyaltepec
20457,20,457,Santiago Camotlán
20482,20,482,Santiago Pinotepa Nacional
20329,20,329,San Pedro Teozacoalco
20330,20,330,San Pedro Teutila
20170,20,170,San José Lachiguiri
20230,20,230,San Lorenzo Victoria
20184,20,184,San Juan Bautista Tuxtepec
20214,20,214,San Juan Quiotepec
20220,20,220,San Juan Tepeuxila
20262,20,262,San Miguel Amatlán
20266,20,266,San Miguel del Puerto
20265,20,265,San Miguel Chimalapa
20318,20,318,San Pedro Mixtepec
20327,20,327,San Pedro Tapanatepec
20556,20,556,La Trinidad Vista Hermosa
20005,20,005,Asunción Ixtaltepec
20517,20,517,Santo Domingo Tepuxtepec
20565,20,565,Villa de Zaachila
20503,20,503,Santiago Zoochila
20500,20,500,Santiago Yosondúa
20059,20,059,Miahuatlán de Porfirio Díaz
20177,20,177,San Juan Bautista Cuicatlán
20364,20,364,Santa Catarina Juquila
20057,20,057,Matías Romero Avendaño
20544,20,544,Teococuilco de Marcos Pérez
20410,20,410,Santa María Ecatepec
20435,20,435,Santa María Tepantlali
20417,20,417,Santa María Jacatepec
20439,20,439,Santa María Tonameca
20251,20,251,San Mateo Nejápam
20467,20,467,Santiago Jamiltepec
20559,20,559,San Juan Bautista Valle Nacional
20169,20,169,San José Independencia
20118,20,118,San Bartolomé Quialana
20568,20,568,Zapotitlán Palmas
20460,20,460,Santiago Choápam
20044,20,044,Loma Bonita
20507,20,507,Santo Domingo Armenta
20515,20,515,Santo Domingo Tehuantepec
20516,20,516,Santo Domingo Teojomulco
20051,20,051,Magdalena Teitipac
20041,20,041,Huautla de Jiménez
20042,20,042,Ixtlán de Juárez
20071,20,071,Pluma Hidalgo
20223,20,223,San Juan Yatzona
20190,20,190,San Juan Cotzocón
20097,20,097,San Andrés Solaga
20098,20,098,San Andrés Teotilálpam
20101,20,101,San Andrés Zabache
20104,20,104,San Antonino el Alto
20413,20,413,Santa María Huatulco
20120,20,120,San Bartolomé Zoogocho
20121,20,121,San Bartolo Soyaltepec
20015,20,015,Coatecas Altas
20125,20,125,San Carlos Yautepec
20124,20,124,Heroica Villa de San Blas Atempa
20020,20,020,Constancia del Rosario
20153,20,153,San Gabriel Mixtepec
20141,20,141,San Francisco del Mar
20147,20,147,San Francisco Nuxaño
20150,20,150,San Francisco Telixtlahuaca
20164,20,164,San Jorge Nuchita
20204,20,204,San Juan Lajarcia
20035,20,035,Guelatao de Juárez
20202,20,202,San Juan Lachao
20566,20,566,San Mateo Yucutindoo
20217,20,217,San Juan Tamazola
20016,20,016,Coicoyán de las Flores
20229,20,229,San Lorenzo Texmelúcan
20232,20,232,San Lucas Ojitlán
20235,20,235,San Luis Amatlán
20236,20,236,San Marcial Ozolotepec
20525,20,525,Santo Domingo Zanatepec
20526,20,526,Santos Reyes Nopala
20052,20,052,Magdalena Tequisistlán
20290,20,290,San Nicolás Hidalgo
20043,20,043,Heroica Ciudad de Juchitán de Zaragoza
20079,20,079,Salina Cruz
20207,20,207,San Juan Mazatlán
20356,20,356,Santa Ana del Valle
20340,20,340,San Pedro y San Pablo Tequixtepec
20218,20,218,San Juan Teita
20386,20,386,Santa Cruz Zenzontepec
20179,20,179,San Juan Bautista Jayacatlán
20524,20,524,Santo Domingo Yodohino
20264,20,264,San Miguel Chicahua
20333,20,333,San Pedro Totolápam
20198,20,198,San Juan Guichicovi
20365,20,365,Santa Catarina Lachatao
20002,20,002,Acatlán de Pérez Figueroa
20006,20,006,Asunción Nochixtlán
20008,20,008,Asunción Tlacolulita
20009,20,009,Ayotzintepec
20010,20,010,El Barrio de la Soledad
20414,20,414,Santa María Huazolotitlán
20291,20,291,San Pablo Coatlán
20298,20,298,San Pablo Villa de Mitla
20385,20,385,Santa Cruz Xoxocotlán
20023,20,023,Cuilápam de Guerrero
20306,20,306,San Pedro el Alto
20310,20,310,San Pedro Ixtlahuaca
20309,20,309,San Pedro Ixcatlán
20324,20,324,San Pedro Pochutla
20337,20,337,San Pedro y San Pablo Ayutla
20351,20,351,San Simón Almolongas
20562,20,562,Magdalena Yodocono de Porfirio Díaz
20426,20,426,Santa María Peñoles
20427,20,427,Santa María Petapa
20021,20,021,Cosolapa
20175,20,175,San Juan Bautista Atatlahuca
20466,20,466,Santiago Ixtayutla
20468,20,468,Santiago Jocotepec
20470,20,470,Santiago Lachiguiri
20479,20,479,Santiago Nejapilla
20498,20,498,Santiago Yaveo
20133,20,133,San Esteban Atatlahuca
20134,20,134,San Felipe Jalapa de Díaz
20138,20,138,San Francisco Cajonos
20149,20,149,San Francisco Sola
20161,20,161,San Jerónimo Sosola
20159,20,159,San Jerónimo Coatlán
20047,20,047,Santa Magdalena Jicotlán
20094,20,094,San Andrés Nuxiño
20031,20,031,Tamazulápam del Espíritu Santo
20279,20,279,San Miguel Suchixtepec
20401,20,401,Santa María Colotepec
20367,20,367,Santa Catarina Mechoacán
20359,20,359,Santa Ana Yareni
20511,20,511,Santo Domingo Nuxaá
20096,20,096,San Andrés Sinaxtla
20504,20,504,Nuevo Zoquiápam
20537,20,537,Silacayoápam
20543,20,543,Tataltepec de Valdés
20548,20,548,Tepelmeme Villa de Morelos
20076,20,076,La Reforma
20463,20,463,Santiago Huauclilla
20436,20,436,Santa María Texcatitlán
20523,20,523,Santo Domingo Yanhuitlán
20054,20,054,Magdalena Zahuatlán
20168,20,168,San José Estancia Grande
20185,20,185,San Juan Cacahuatepec
20246,20,246,San Mateo Cajonos
20277,20,277,Villa Sola de Vega
20542,20,542,Taniche
20357,20,357,Santa Ana Tavela
20489,20,489,Santiago Tetepec
20490,20,490,Santiago Texcalcingo
20502,20,502,Santiago Zacatepec
20163,20,163,San Jerónimo Tecóatl
20166,20,166,San José Chiltepec
20237,20,237,San Marcos Arteaga
20506,20,506,Santo Domingo Albarradas
20508,20,508,Santo Domingo Chihuitán
20205,20,205,San Juan Lalana
20271,20,271,San Miguel Mixtepec
20545,20,545,Teotitlán de Flores Magón
20546,20,546,Teotitlán del Valle
20547,20,547,Teotongo
20186,20,186,San Juan Cieneguilla
20227,20,227,San Lorenzo Cacaotepec
20261,20,261,San Miguel Amatitlán
20552,20,552,Tlacotepec Plumas
20550,20,550,San Jerónimo Tlacochahuaya
20253,20,253,San Mateo Piñas
20254,20,254,San Mateo Río Hondo
20272,20,272,San Miguel Panixtlahuaca
20273,20,273,San Miguel Peras
20275,20,275,San Miguel Quetzaltepec
20551,20,551,Tlacolula de Matamoros
20553,20,553,Tlalixtac de Cabrera
20493,20,493,Santiago Tillo
20554,20,554,Totontepec Villa de Morelos
20555,20,555,Trinidad Zaachila
20018,20,018,Concepción Buenavista
20036,20,036,Guevea de Humboldt
20338,20,338,Villa de Etla
20344,20,344,San Sebastián Coatlán
20366,20,366,Santa Catarina Loxicha
20377,20,377,Santa Cruz Itundujia
20451,20,451,Santiago Apoala
20404,20,404,Santa María Chachoápam
20407,20,407,Santa María Chimalapa
20558,20,558,Valerio Trujano
20561,20,561,Yaxe
20056,20,056,Mártires de Tacubaya
20563,20,563,Yogana
20497,20,497,Santiago Yaitepec
20549,20,549,"Heroica Villa Tezoatlán de Segura y Luna, Cuna de la Independencia de Oaxaca"
20564,20,564,Yutanduchi de Guerrero
20099,20,099,San Andrés Tepetlapa
20491,20,491,Santiago Textitlán
20379,20,379,Santa Cruz Nundaco
20494,20,494,Santiago Tlazoyaltepec
20499,20,499,Santiago Yolomécatl
20058,20,058,Mazatlán Villa de Flores
20569,20,569,Santa Inés de Zaragoza
20570,20,570,Zimatlán de Álvarez
20567,20,567,Zapotitlán Lagunas
20423,20,423,Santa María Nduayaco
20528,20,528,Santos Reyes Tepejillo
20112,20,112,San Baltazar Chichicápam
20510,20,510,Santo Domingo Ixcatlán
20129,20,129,San Cristóbal Suchixtlahuaca
20371,20,371,Santa Catarina Ticuá
20424,20,424,Santa María Ozolotepec
20406,20,406,Santa María Chilchotla
20422,20,422,Santa María Nativitas
20450,20,450,Santiago Amoltepec
20075,20,075,Reforma de Pineda
20501,20,501,Santiago Yucuyachi
20505,20,505,Santo Domingo Ingenio
20459,20,459,Villa de Santiago Chazumba
20477,20,477,Santiago Minas
20484,20,484,Santiago Tamazola
20485,20,485,Santiago Tapextla
20492,20,492,Santiago Tilantongo
20495,20,495,Santiago Xanica
20514,20,514,Santo Domingo Roayaga
20534,20,534,San Vicente Coatlán
20117,20,117,San Bartolomé Loxicha
20512,20,512,Santo Domingo Ozolotepec
20518,20,518,Santo Domingo Tlatayápam
20206,20,206,San Juan de los Cués
20521,20,521,Santo Domingo Tonaltepec
20001,20,001,Abejones
20256,20,256,San Mateo Tlapiltepec
20003,20,003,Asunción Cacalotepec
20263,20,263,San Miguel Coatlán
20004,20,004,Asunción Cuyotepeji
20007,20,007,Asunción Ocotlán
20267,20,267,San Miguel del Río
20011,20,011,Calihualá
20027,20,027,Chiquihuitlán de Benito Juárez
20030,20,030,El Espinal
20519,20,519,Santo Domingo Tomaltepec
20034,20,034,Guadalupe de Ramírez
20013,20,013,Ciénega de Zimatlán
20017,20,017,La Compañía
20049,20,049,Magdalena Ocotlán
20520,20,520,Santo Domingo Tonalá
20019,20,019,Concepción Pápalo
20022,20,022,Cosoltepec
20024,20,024,Cuyamecalco Villa de Zaragoza
20025,20,025,Chahuites
20026,20,026,Chalcatongo de Hidalgo
20029,20,029,Eloxochitlán de Flores Magón
20032,20,032,Fresnillo de Trujano
20033,20,033,Guadalupe Etla
20050,20,050,Magdalena Peñasco
20536,20,536,San Vicente Nuñú
20037,20,037,Mesones Hidalgo
20040,20,040,Huautepec
20045,20,045,Magdalena Apasco
20053,20,053,Magdalena Tlacotepec
20046,20,046,Magdalena Jaltepec
20172,20,172,San Juan Achiutla
20048,20,048,Magdalena Mixtepec
20522,20,522,Santo Domingo Xagacía
20456,20,456,Santiago Cacaloxtepec
20060,20,060,Mixistlán de la Reforma
20061,20,061,Monjas
20062,20,062,Natividad
20063,20,063,Nazareno Etla
20065,20,065,Ixpantepec Nieves
20069,20,069,La Pe
20070,20,070,Pinotepa de Don Luis
20072,20,072,San José del Progreso
20074,20,074,Santa Catarina Quioquitani
20078,20,078,Rojas de Cuauhtémoc
20077,20,077,Reyes Etla
20081,20,081,San Agustín Atenango
20092,20,092,San Andrés Ixtlahuaca
20080,20,080,San Agustín Amatengo
20084,20,084,San Agustín Etla
20082,20,082,San Agustín Chayuco
20086,20,086,San Agustín Tlacotepec
20083,20,083,San Agustín de las Juntas
20087,20,087,San Agustín Yatareni
20089,20,089,San Andrés Dinicuiti
20090,20,090,San Andrés Huaxpaltepec
20091,20,091,San Andrés Huayápam
20095,20,095,San Andrés Paxtlán
20100,20,100,San Andrés Yaá
20199,20,199,San Juan Ihualtepec
20102,20,102,San Andrés Zautla
20233,20,233,San Lucas Quiaviní
20103,20,103,San Antonino Castillo Velasco
20105,20,105,San Antonino Monte Verde
20107,20,107,San Antonio de la Cal
20108,20,108,San Antonio Huitepec
20109,20,109,San Antonio Nanahuatípam
20110,20,110,San Antonio Sinicahua
20111,20,111,San Antonio Tepetlapa
20527,20,527,Santos Reyes Pápalo
20116,20,116,San Bartolomé Ayautla
20114,20,114,San Baltazar Yatzachi el Bajo
20115,20,115,San Bartolo Coyotepec
20119,20,119,San Bartolomé Yucuañe
20014,20,014,Ciudad Ixtepec
20123,20,123,San Bernardo Mixtepec
20122,20,122,San Bartolo Yautepec
20126,20,126,San Cristóbal Amatlán
20127,20,127,San Cristóbal Amoltepec
20128,20,128,San Cristóbal Lachirioag
20529,20,529,Santos Reyes Yucuná
20131,20,131,San Dionisio Ocotepec
20130,20,130,San Dionisio del Mar
20152,20,152,San Francisco Tlapancingo
20132,20,132,San Dionisio Ocotlán
20135,20,135,San Felipe Tejalápam
20136,20,136,San Felipe Usila
20137,20,137,San Francisco Cahuacuá
20139,20,139,San Francisco Chapulapa
20142,20,142,San Francisco Huehuetlán
20140,20,140,San Francisco Chindúa
20160,20,160,San Jerónimo Silacayoapilla
20143,20,143,San Francisco Ixhuatán
20144,20,144,San Francisco Jaltepetongo
20145,20,145,San Francisco Lachigoló
20531,20,531,Santo Tomás Mazaltepec
20146,20,146,San Francisco Logueche
20148,20,148,San Francisco Ozolotepec
20151,20,151,San Francisco Teopan
20157,20,157,San Jacinto Amilpas
20248,20,248,San Mateo del Mar
20158,20,158,San Jacinto Tlacotepec
20162,20,162,San Jerónimo Taviche
20176,20,176,San Juan Bautista Coixtlahuaca
20165,20,165,San José Ayuquila
20167,20,167,San José del Peñasco
20530,20,530,Santo Tomás Jalieza
20187,20,187,San Juan Coatzóspam
20171,20,171,San José Tenango
20188,20,188,San Juan Colorado
20173,20,173,San Juan Atepec
20174,20,174,Ánimas Trujano
20191,20,191,San Juan Chicomezúchil
20196,20,196,San Juan Evangelista Analco
20178,20,178,San Juan Bautista Guelache
20197,20,197,San Juan Guelavía
20180,20,180,San Juan Bautista Lo de Soto
20215,20,215,San Juan Sayultepec
20181,20,181,San Juan Bautista Suchitepec
20480,20,480,Santiago Nundiche
20182,20,182,San Juan Bautista Tlacoatzintepec
20183,20,183,San Juan Bautista Tlachichilco
20189,20,189,San Juan Comaltepec
20192,20,192,San Juan Chilateca
20193,20,193,San Juan del Estado
20194,20,194,San Juan del Río
20195,20,195,San Juan Diuxi
20210,20,210,San Juan Ñumí
20200,20,200,San Juan Juquila Mixes
20201,20,201,San Juan Juquila Vijanos
20203,20,203,San Juan Lachigalla
20208,20,208,San Juan Mixtepec
20209,20,209,San Juan Mixtepec
20284,20,284,San Miguel Tilquiápam
20219,20,219,San Juan Teitipac
20216,20,216,San Juan Tabaá
20221,20,221,San Juan Teposcolula
20222,20,222,San Juan Yaeé
20541,20,541,Tanetze de Zaragoza
20224,20,224,San Juan Yucuita
20225,20,225,San Lorenzo
20226,20,226,San Lorenzo Albarradas
20228,20,228,San Lorenzo Cuaunecuiltitla
20231,20,231,San Lucas Camotlán
20239,20,239,San Martín Huamelúlpam
20234,20,234,San Lucas Zoquiápam
20240,20,240,San Martín Itunyoso
20241,20,241,San Martín Lachilá
20242,20,242,San Martín Peras
20243,20,243,San Martín Tilcajete
20244,20,244,San Martín Toxpalan
20249,20,249,San Mateo Yoloxochitlán
20245,20,245,San Martín Zacatepec
20269,20,269,San Miguel el Grande
20247,20,247,Capulálpam de Méndez
20250,20,250,San Mateo Etlatongo
20255,20,255,San Mateo Sindihui
20252,20,252,San Mateo Peñasco
20257,20,257,San Melchor Betaza
20258,20,258,San Miguel Achiutla
20259,20,259,San Miguel Ahuehuetitlán
20260,20,260,San Miguel Aloápam
20268,20,268,San Miguel Ejutla
20276,20,276,San Miguel Santa Flor
20281,20,281,San Miguel Tecomatlán
20274,20,274,San Miguel Piedras
20532,20,532,Santo Tomás Ocotepec
20280,20,280,Villa Talea de Castro
20533,20,533,Santo Tomás Tamazulapan
20368,20,368,Santa Catarina Minas
20282,20,282,San Miguel Tenango
20283,20,283,San Miguel Tequixtepec
20535,20,535,San Vicente Lachixío
20286,20,286,San Miguel Tlacotepec
20285,20,285,San Miguel Tlacamama
20288,20,288,San Miguel Yotao
20289,20,289,San Nicolás
20292,20,292,San Pablo Cuatro Venados
20380,20,380,Santa Cruz Papalutla
20294,20,294,San Pablo Huitzo
20295,20,295,San Pablo Huixtepec
20538,20,538,Sitio de Xitlapehua
20296,20,296,San Pablo Macuiltianguis
20297,20,297,San Pablo Tijaltepec
20304,20,304,San Pedro Coxcaltepec Cántaros
20299,20,299,San Pablo Yaganiza
20300,20,300,San Pedro Amuzgos
20308,20,308,San Pedro Huilotepec
20301,20,301,San Pedro Apóstol
20311,20,311,San Pedro Jaltepetongo
20302,20,302,San Pedro Atoyac
20303,20,303,San Pedro Cajonos
20305,20,305,San Pedro Comitancillo
20321,20,321,San Pedro Nopala
20332,20,332,San Pedro Topiltepec
20307,20,307,San Pedro Huamelula
20312,20,312,San Pedro Jicayán
20313,20,313,San Pedro Jocotipac
20314,20,314,San Pedro Juchatengo
20331,20,331,San Pedro Tidaá
20315,20,315,San Pedro Mártir
20316,20,316,San Pedro Mártir Quiechapa
20317,20,317,San Pedro Mártir Yucuxaco
20360,20,360,Santa Ana Zegache
20319,20,319,San Pedro Mixtepec
20320,20,320,San Pedro Molinos
20322,20,322,San Pedro Ocopetatillo
20323,20,323,San Pedro Ocotepec
20325,20,325,San Pedro Quiatoni
20326,20,326,San Pedro Sochiápam
20328,20,328,San Pedro Taviche
20335,20,335,San Pedro Yaneri
20336,20,336,San Pedro Yólox
20339,20,339,San Pedro y San Pablo Teposcolula
20341,20,341,San Pedro Yucunama
20342,20,342,San Raymundo Jalpan
20343,20,343,San Sebastián Abasolo
20345,20,345,San Sebastián Ixcapa
20346,20,346,San Sebastián Nicananduta
20347,20,347,San Sebastián Río Hondo
20539,20,539,Soledad Etla
20211,20,211,San Juan Ozolotepec
20212,20,212,San Juan Petlapa
20213,20,213,San Juan Quiahije
20348,20,348,San Sebastián Tecomaxtlahuaca
20349,20,349,San Sebastián Teitipac
20540,20,540,Villa de Tamazulápam del Progreso
20350,20,350,San Sebastián Tutla
20352,20,352,San Simón Zahuatlán
20353,20,353,Santa Ana
20354,20,354,Santa Ana Ateixtlahuaca
20355,20,355,Santa Ana Cuauhtémoc
20358,20,358,Santa Ana Tlapacoyan
20362,20,362,Santa Catarina Cuixtla
20361,20,361,Santa Catalina Quierí
20363,20,363,Santa Catarina Ixtepeji
20373,20,373,Santa Catarina Zapoquila
20369,20,369,Santa Catarina Quiané
20370,20,370,Santa Catarina Tayata
20381,20,381,Santa Cruz Tacache de Mina
20372,20,372,Santa Catarina Yosonotú
20374,20,374,Santa Cruz Acatepec
20293,20,293,San Pablo Etla
20382,20,382,Santa Cruz Tacahua
20375,20,375,Santa Cruz Amilpas
20376,20,376,Santa Cruz de Bravo
20383,20,383,Santa Cruz Tayata
20408,20,408,Santa María del Rosario
20384,20,384,Santa Cruz Xitla
20387,20,387,Santa Gertrudis
20411,20,411,Santa María Guelacé
20388,20,388,Santa Inés del Monte
20106,20,106,San Antonio Acutla
20055,20,055,Mariscala de Juárez
20390,20,390,Santa Lucía del Camino
20391,20,391,Santa Lucía Miahuatlán
20418,20,418,Santa María Jalapa del Marqués
20392,20,392,Santa Lucía Monteverde
20393,20,393,Santa Lucía Ocotlán
20394,20,394,Santa María Alotepec
20395,20,395,Santa María Apazco
20396,20,396,Santa María la Asunción
20397,20,397,Heroica Ciudad de Tlaxiaco
20398,20,398,Ayoquezco de Aldama
20399,20,399,Santa María Atzompa
20400,20,400,Santa María Camotlán
20402,20,402,Santa María Cortijo
20154,20,154,San Ildefonso Amatlán
20156,20,156,San Ildefonso Villa Alta
20403,20,403,Santa María Coyotepec
20419,20,419,Santa María Jaltianguis
20405,20,405,Villa de Chilapa de Díaz
20409,20,409,Santa María del Tule
20412,20,412,Santa María Guienagati
20415,20,415,Santa María Ipalapa
20287,20,287,San Miguel Tulancingo
20416,20,416,Santa María Ixcatlán
20420,20,420,Santa María Lachixío
20421,20,421,Santa María Mixtequilla
20425,20,425,Santa María Pápalo
20428,20,428,Santa María Quiegolani
20432,20,432,Santa María Temaxcalapa
20429,20,429,Santa María Sola
20430,20,430,Santa María Tataltepec
20431,20,431,Santa María Tecomavaca
20270,20,270,San Miguel Huautla
20433,20,433,Santa María Temaxcaltepec
20442,20,442,Santa María Yalina
20438,20,438,Santa María Tlalixtac
20434,20,434,Santa María Teopoxco
20444,20,444,Santa María Yolotepec
20443,20,443,Santa María Yavesía
20445,20,445,Santa María Yosoyúa
20448,20,448,Santa María Zaniza
20449,20,449,Santa María Zoquitlán
20452,20,452,Santiago Apóstol
20453,20,453,Santiago Astata
20454,20,454,Santiago Atitlán
20455,20,455,Santiago Ayuquililla
20458,20,458,Santiago Comaltepec
20461,20,461,Santiago del Río
20462,20,462,Santiago Huajolotitlán
20464,20,464,Santiago Ihuitlán Plumas
20465,20,465,Santiago Ixcuintepec
20471,20,471,Santiago Lalopa
20472,20,472,Santiago Laollaga
20473,20,473,Santiago Laxopa
20474,20,474,Santiago Llano Grande
20475,20,475,Santiago Matatlán
20476,20,476,Santiago Miltepec
20389,20,389,Santa Inés Yatzeche
20478,20,478,Santiago Nacaltepec
20012,20,012,Candelaria Loxicha
20028,20,028,Heroica Ciudad de Ejutla de Crespo
20039,20,039,Heroica Ciudad de Huajuapan de León
20064,20,064,Nejapa de Madero
20066,20,066,Santiago Niltepec
20067,20,067,Oaxaca de Juárez
20068,20,068,Ocotlán de Morelos
20073,20,073,Putla Villa de Guerrero
20085,20,085,San Agustín Loxicha
20088,20,088,San Andrés Cabecera Nueva
20483,20,483,Santiago Suchilquitongo
20486,20,486,Villa Tejúpam de la Unión
20093,20,093,San Andrés Lagunas
20113,20,113,San Baltazar Loxicha
20487,20,487,Santiago Tenango
20488,20,488,Santiago Tepetlapa
20496,20,496,Santiago Xiacuí
20509,20,509,Santo Domingo de Morelos
20557,20,557,Unión Hidalgo
20560,20,560,Villa Díaz Ordaz
20038,20,038,Villa Hidalgo Yalálag
20238,20,238,Heroico San Martín de los Cansecos
21053,21,053,Chignahuapan
21211,21,211,Zaragoza
21206,21,206,Zacapala
21152,21,152,Soltepec
21027,21,027,Caltepec
21026,21,026,Calpan
21015,21,015,Amozoc
21014,21,014,Amixtlán
21010,21,010,Ajalpan
21149,21,149,Santiago Miahuatlán
21004,21,004,Acatzingo
21005,21,005,Acteopan
21006,21,006,Ahuacatlán
21008,21,008,Ahuazotepec
21146,21,146,Santa Catarina Tlaltempan
21145,21,145,San Sebastián Tlacotepec
21003,21,003,Acatlán
21117,21,117,Rafael Lara Grajales
21165,21,165,Tepemaxalco
21163,21,163,Tepatlaxco de Hidalgo
21113,21,113,Piaxtla
21009,21,009,Ahuehuetitla
21039,21,039,Cuautempan
21040,21,040,Cuautinchán
21041,21,041,Cuautlancingo
21016,21,016,Aquixtla
21087,21,087,Jolalpan
21167,21,167,Tepetzintla
21166,21,166,Tepeojuma
21018,21,018,Atexcal
21054,21,054,Chignautla
21127,21,127,San Jerónimo Xayacatlán
21129,21,129,San José Miahuatlán
21130,21,130,San Juan Atenco
21213,21,213,Zihuateutla
21124,21,124,San Gabriel Chilac
21169,21,169,Tepexi de Rodríguez
21172,21,172,Tetela de Ocampo
21179,21,179,Tlachichuca
21202,21,202,Xochitlán de Vicente Suárez
21203,21,203,Xochitlán Todos Santos
21042,21,042,Cuayuca de Andrade
21043,21,043,Cuetzalan del Progreso
21217,21,217,Zoquitlán
21101,21,101,Nauzontla
21100,21,100,Naupan
21099,21,099,Cañada Morelos
21098,21,098,Molcaxac
21096,21,096,Mazapiltepec de Juárez
21094,21,094,Libres
21093,21,093,Lafragua
21092,21,092,Juan N. Méndez
21012,21,012,Aljojuca
21013,21,013,Altepexi
21007,21,007,Ahuatlán
21011,21,011,Albino Zertuche
21022,21,022,Atzitzihuacán
21025,21,025,Ayotoxco de Guerrero
21037,21,037,Coyotepec
21035,21,035,Coxcatlán
21033,21,033,Cohuecan
21032,21,032,Cohetzala
21031,21,031,Coatzingo
21029,21,029,Caxhuacan
21045,21,045,Chalchicomula de Sesma
21046,21,046,Chapulco
21002,21,002,Acateno
21212,21,212,Zautla
21199,21,199,Xiutetelco
21205,21,205,Yehualtepec
21201,21,201,Xochiltepec
21197,21,197,Xicotepec
21195,21,195,Vicente Guerrero
21186,21,186,Tlatlauquitepec
21185,21,185,Tlapanalá
21184,21,184,Tlapacoya
21158,21,158,Tenampulco
21104,21,104,Nopalucan
21123,21,123,San Felipe Tepatlán
21128,21,128,San José Chiapa
21126,21,126,San Jerónimo Tecuanipan
21161,21,161,Tepanco de López
21079,21,079,Huitziltepec
21194,21,194,Venustiano Carranza
21190,21,190,Totoltepec de Guerrero
21189,21,189,Tochtepec
21188,21,188,Tochimilco
21187,21,187,Tlaxco
21177,21,177,Tlacotepec de Benito Juárez
21156,21,156,Tehuacán
21155,21,155,Tecomatlán
21154,21,154,Tecamachalco
21153,21,153,Tecali de Herrera
21118,21,118,Los Reyes de Juárez
21119,21,119,San Andrés Cholula
21120,21,120,San Antonio Cañada
21125,21,125,San Gregorio Atzompa
21105,21,105,Ocotepec
21175,21,175,Tianguismanalco
21085,21,085,Izúcar de Matamoros
21164,21,164,Tepeaca
21198,21,198,Xicotlán
21133,21,133,San Martín Totoltepec
21174,21,174,Teziutlán
21176,21,176,Tilapa
21178,21,178,Tlacuilotepec
21134,21,134,San Matías Tlalancaleca
21135,21,135,San Miguel Ixitlán
21208,21,208,Zacatlán
21207,21,207,Zacapoaxtla
21180,21,180,Tlahuapan
21137,21,137,San Nicolás Buenos Aires
21001,21,001,Acajete
21138,21,138,San Nicolás de los Ranchos
21139,21,139,San Pablo Anicano
21196,21,196,Xayacatlán de Bravo
21140,21,140,San Pedro Cholula
21116,21,116,Quimixtlán
21141,21,141,San Pedro Yeloixtlahuaca
21170,21,170,Tepeyahualco
21052,21,052,Chigmecatitlán
21168,21,168,Tepexco
21143,21,143,San Salvador el Verde
21142,21,142,San Salvador el Seco
21023,21,023,Atzitzintla
21115,21,115,Quecholac
21114,21,114,Puebla
21108,21,108,Oriental
21112,21,112,Petlalcingo
21147,21,147,Santa Inés Ahuatempan
21204,21,204,Yaonáhuac
21097,21,097,Mixtla
21148,21,148,Santa Isabel Cholula
21200,21,200,Xochiapulco
21151,21,151,Santo Tomás Hueyotlipan
21159,21,159,Teopantlán
21050,21,050,Chichiquila
21144,21,144,San Salvador Huixcolotla
21051,21,051,Chietla
21055,21,055,Chila
21056,21,056,Chila de la Sal
21057,21,057,Honey
21058,21,058,Chilchotla
21059,21,059,Chinantla
21063,21,063,Esperanza
21064,21,064,Francisco Z. Mena
21065,21,065,General Felipe Ángeles
21066,21,066,Guadalupe
21067,21,067,Guadalupe Victoria
21070,21,070,Huatlatlauca
21071,21,071,Huauchinango
21076,21,076,Hueytamalco
21038,21,038,Cuapiaxtla de Madero
21078,21,078,Huitzilan de Serdán
21047,21,047,Chiautla
21048,21,048,Chiautzingo
21049,21,049,Chiconcuautla
21080,21,080,Atlequizayan
21132,21,132,San Martín Texmelucan
21216,21,216,Zoquiapan
21072,21,072,Huehuetla
21068,21,068,Hermenegildo Galeana
21171,21,171,Tepeyahualco de Cuauhtémoc
21062,21,062,Epatlán
21061,21,061,Eloxochitlán
21060,21,060,Domingo Arenas
21181,21,181,Tlaltenango
21044,21,044,Cuyoaco
21036,21,036,Coyomeapan
21191,21,191,Tulcingo
21215,21,215,Zongozotla
21192,21,192,Tuzamapan de Galeana
21193,21,193,Tzicatlacoyan
21173,21,173,Teteles de Ávila Castillo
21073,21,073,Huehuetlán el Chico
21121,21,121,San Diego la Mesa Tochimiltzingo
21083,21,083,Ixtacamaxtitlán
21081,21,081,Ixcamilpa de Guerrero
21075,21,075,Hueyapan
21074,21,074,Huejotzingo
21111,21,111,Pantepec
21089,21,089,Jopala
21210,21,210,Zapotitlán de Méndez
21136,21,136,San Miguel Xoxtla
21077,21,077,Hueytlalpan
21088,21,088,Jonotla
21131,21,131,San Juan Atzompa
21110,21,110,Palmar de Bravo
21183,21,183,Tlaola
21020,21,020,Atoyatempan
21028,21,028,Camocuautla
21109,21,109,Pahuatlán
21030,21,030,Coatepec
21034,21,034,Coronango
21090,21,090,Juan C. Bonilla
21091,21,091,Juan Galindo
21095,21,095,La Magdalena Tlatlauquitepec
21102,21,102,Nealtican
21103,21,103,Nicolás Bravo
21106,21,106,Ocoyucan
21107,21,107,Olintla
21214,21,214,Zinacatepec
21019,21,019,Atlixco
21017,21,017,Atempan
21024,21,024,Axutla
21086,21,086,Jalpan
21084,21,084,Ixtepec
21150,21,150,Huehuetlán el Grande
21082,21,082,Ixcaquixtla
21160,21,160,Teotlalco
21157,21,157,Tehuitzingo
21162,21,162,Tepango de Rodríguez
21209,21,209,Zapotitlán
21122,21,122,San Felipe Teotlalcingo
21182,21,182,Tlanepantla
21021,21,021,Atzala
21069,21,069,Huaquechula
22006,22,006,Corregidora
22011,22,011,El Marqués
22012,22,012,Pedro Escobedo
22001,22,001,Amealco de Bonfil
22005,22,005,Colón
22004,22,004,Cadereyta de Montes
22017,22,017,Tequisquiapan
22003,22,003,Arroyo Seco
22013,22,013,Peñamiller
22007,22,007,Ezequiel Montes
22015,22,015,San Joaquín
22018,22,018,Tolimán
22002,22,002,Pinal de Amoles
22008,22,008,Huimilpan
22016,22,016,San Juan del Río
22014,22,014,Querétaro
22009,22,009,Jalpan de Serra
22010,22,010,Landa de Matamoros
23007,23,007,Lázaro Cárdenas
23009,23,009,Tulum
23010,23,010,Bacalar
23008,23,008,Playa del Carmen
23002,23,002,Felipe Carrillo Puerto
23006,23,006,José María Morelos
23003,23,003,Isla Mujeres
23011,23,011,Puerto Morelos
23005,23,005,Benito Juárez
23001,23,001,Cozumel
23004,23,004,Othón P. Blanco
24016,24,016,Ebano
24032,24,032,Santa María del Río
24051,24,051,Villa Hidalgo
24029,24,029,San Martín Chalchicuautla
24033,24,033,Santo Domingo
24027,24,027,San Ciro de Acosta
24025,24,025,Salinas
24015,24,015,Charcas
24059,24,059,Villa de Pozos
24013,24,013,Ciudad Valles
24002,24,002,Alaquines
24003,24,003,Aquismón
24004,24,004,Armadillo de los Infante
24028,24,028,San Luis Potosí
24050,24,050,Villa de Reyes
24057,24,057,Matlapa
24049,24,049,Villa de Ramos
24006,24,006,Catorce
24018,24,018,Huehuetlán
24037,24,037,Tamazunchale
24038,24,038,Tampacán
24020,24,020,Matehuala
24001,24,001,Ahualulco del Sonido 13
24045,24,045,Venado
24026,24,026,San Antonio
24044,24,044,Vanegas
24039,24,039,Tampamolón Corona
24048,24,048,Villa de la Paz
24055,24,055,Zaragoza
24054,24,054,Xilitla
24053,24,053,Axtla de Terrazas
24052,24,052,Villa Juárez
24019,24,019,Lagunillas
24014,24,014,Coxcatlán
24017,24,017,Guadalcázar
24008,24,008,Cerritos
24056,24,056,Villa de Arista
24034,24,034,San Vicente Tancuayalab
24010,24,010,Ciudad del Maíz
24046,24,046,Villa de Arriaga
24047,24,047,Villa de Guadalupe
24024,24,024,Rioverde
24023,24,023,Rayón
24022,24,022,Moctezuma
24009,24,009,Cerro de San Pedro
24036,24,036,Tamasopo
24007,24,007,Cedral
24043,24,043,Tierra Nueva
24042,24,042,Tanquián de Escobedo
24012,24,012,Tancanhuitz
24035,24,035,Soledad de Graciano Sánchez
24041,24,041,Tanlajás
24021,24,021,Mexquitic de Carmona
24058,24,058,El Naranjo
24005,24,005,Cárdenas
24030,24,030,San Nicolás Tolentino
24040,24,040,Tamuín
24011,24,011,Ciudad Fernández
24031,24,031,Santa Catarina
25016,25,016,San Ignacio
25015,25,015,Salvador Alvarado
25019,25,019,Eldorado
25020,25,020,Juan José Ríos
25002,25,002,Angostura
25018,25,018,Navolato
25010,25,010,El Fuerte
25009,25,009,Escuinapa
25013,25,013,Mocorito
25011,25,011,Guasave
25001,25,001,Ahome
25007,25,007,Choix
25008,25,008,Elota
25012,25,012,Mazatlán
25006,25,006,Culiacán
25005,25,005,Cosalá
25014,25,014,Rosario
25004,25,004,Concordia
25017,25,017,Sinaloa
25003,25,003,Badiraguato
26037,26,037,Mazatán
26036,26,036,Magdalena
26021,26,021,La Colorada
26054,26,054,San Javier
26068,26,068,Villa Pesqueira
26046,26,046,Oquitoa
26045,26,045,Opodepe
26041,26,041,Nacozari de García
26033,26,033,Huatabampo
26034,26,034,Huépac
26014,26,014,Baviácora
26026,26,026,Etchojoa
26016,26,016,Benjamín Hill
26044,26,044,Ónavas
26047,26,047,Pitiquito
26043,26,043,Nogales
26071,26,071,Benito Juárez
26029,26,029,Guaymas
26069,26,069,Yécora
26025,26,025,Empalme
26039,26,039,Naco
26055,26,055,San Luis Río Colorado
26030,26,030,Hermosillo
26035,26,035,Imuris
26022,26,022,Cucurpe
26050,26,050,Rayón
26013,26,013,Banámichi
26012,26,012,Bácum
26032,26,032,Huásabas
26053,26,053,San Felipe de Jesús
26048,26,048,Puerto Peñasco
26057,26,057,San Pedro de la Cueva
26065,26,065,Tubutama
26066,26,066,Ures
26070,26,070,General Plutarco Elías Calles
26072,26,072,San Ignacio Río Muerto
26058,26,058,Santa Ana
26017,26,017,Caborca
26009,26,009,Bacanora
26020,26,020,Carbó
26015,26,015,Bavispe
26059,26,059,Santa Cruz
26060,26,060,Sáric
26001,26,001,Aconchi
26042,26,042,Navojoa
26067,26,067,Villa Hidalgo
26018,26,018,Cajeme
26023,26,023,Cumpas
26007,26,007,Atil
26028,26,028,Granados
26005,26,005,Arivechi
26003,26,003,Álamos
26004,26,004,Altar
26008,26,008,Bacadéhuachi
26027,26,027,Fronteras
26031,26,031,Huachinera
26006,26,006,Arizpe
26064,26,064,Trincheras
26062,26,062,Suaqui Grande
26052,26,052,Sahuaripa
26051,26,051,Rosario
26010,26,010,Bacerac
26011,26,011,Bacoachi
26019,26,019,Cananea
26061,26,061,Soyopa
26024,26,024,Divisaderos
26049,26,049,Quiriego
26063,26,063,Tepache
26040,26,040,Nácori Chico
26038,26,038,Moctezuma
26056,26,056,San Miguel de Horcasitas
26002,26,002,Agua Prieta
27006,27,006,Cunduacán
27005,27,005,Comalcalco
27008,27,008,Huimanguillo
27004,27,004,Centro
27010,27,010,Jalpa de Méndez
27003,27,003,Centla
27015,27,015,Tacotalpa
27014,27,014,Paraíso
27007,27,007,Emiliano Zapata
27011,27,011,Jonuta
27013,27,013,Nacajuca
27017,27,017,Tenosique
27002,27,002,Cárdenas
27001,27,001,Balancán
27009,27,009,Jalapa
27016,27,016,Teapa
27012,27,012,Macuspana
28009,28,009,Ciudad Madero
28003,28,003,Altamira
28022,28,022,Matamoros
28021,28,021,El Mante
28013,28,013,Güémez
28041,28,041,Victoria
28014,28,014,Guerrero
28040,28,040,Valle Hermoso
28010,28,010,Cruillas
28015,28,015,Gustavo Díaz Ordaz
28039,28,039,Tula
28020,28,020,Mainero
28027,28,027,Nuevo Laredo
28005,28,005,Burgos
28007,28,007,Camargo
28038,28,038,Tampico
28026,28,026,Miquihuana
28037,28,037,Soto la Marina
28019,28,019,Llera
28028,28,028,Nuevo Morelos
28025,28,025,Miguel Alemán
28002,28,002,Aldama
28001,28,001,Abasolo
28004,28,004,Antiguo Morelos
28029,28,029,Ocampo
28031,28,031,Palmillas
28035,28,035,San Fernando
28034,28,034,San Carlos
28006,28,006,Bustamante
28033,28,033,Río Bravo
28043,28,043,Xicoténcatl
28032,28,032,Reynosa
28023,28,023,Méndez
28017,28,017,Jaumave
28042,28,042,Villagrán
28008,28,008,Casas
28016,28,016,Hidalgo
28018,28,018,Jiménez
28011,28,011,Gómez Farías
28024,28,024,Mier
28036,28,036,San Nicolás
28030,28,030,Padilla
28012,28,012,González
29013,29,013,Huamantla
29051,29,051,San Jerónimo Zacualpan
29059,29,059,Santa Cruz Quilehtla
29011,29,011,Muñoz de Domingo Arenas
29060,29,060,Santa Isabel Xiloxoxtla
29009,29,009,Cuaxomulco
29030,29,030,Terrenate
29021,29,021,Nanacamilpa de Mariano Arista
29058,29,058,Santa Catarina Ayometla
29046,29,046,Emiliano Zapata
29035,29,035,Tocatlán
29025,29,025,San Pablo del Monte
29052,29,052,San José Teacalco
29031,29,031,Tetla de la Solidaridad
29032,29,032,Tetlatlahuca
29024,29,024,Panotla
29042,29,042,Xicohtzinco
29053,29,053,San Juan Huactzinco
29034,29,034,Tlaxco
29006,29,006,Calpulalpan
29044,29,044,Zacatelco
29049,29,049,San Damián Texóloc
29040,29,040,Xaltocan
29026,29,026,Santa Cruz Tlaxcala
29055,29,055,San Lucas Tecopilco
29022,29,022,Acuamanala de Miguel Hidalgo
29001,29,001,Amaxac de Guerrero
29037,29,037,Ziltlaltépec de Trinidad Sánchez Santos
29054,29,054,San Lorenzo Axocomanitla
29036,29,036,Totolac
29010,29,010,Chiautempan
29033,29,033,Tlaxcala
29023,29,023,Natívitas
29050,29,050,San Francisco Tetlanohcan
29041,29,041,Papalotla de Xicohténcatl
29057,29,057,Santa Apolonia Teacalco
29048,29,048,La Magdalena Tlaltelulco
29020,29,020,Sanctórum de Lázaro Cárdenas
29017,29,017,Mazatecochco de José María Morelos
29056,29,056,Santa Ana Nopalucan
29002,29,002,Apetatitlán de Antonio Carvajal
29007,29,007,El Carmen Tequexquitla
29004,29,004,Atltzayanca
29012,29,012,Españita
29029,29,029,Tepeyanco
29028,29,028,Teolocholco
29008,29,008,Cuapiaxtla
29047,29,047,Lázaro Cárdenas
29039,29,039,Xaloztoc
29005,29,005,Apizaco
29045,29,045,Benito Juárez
29016,29,016,Ixtenco
29019,29,019,Tepetitla de Lardizábal
29014,29,014,Hueyotlipan
29015,29,015,Ixtacuixtla de Mariano Matamoros
29018,29,018,Contla de Juan Cuamatzi
29038,29,038,Tzompantepec
29043,29,043,Yauhquemehcan
29027,29,027,Tenancingo
29003,29,003,Atlangatepec
30051,30,051,Coyutla
30056,30,056,Chiconamel
30055,30,055,Chalma
30054,30,054,Chacaltianguis
30053,30,053,Cuitláhuac
30183,30,183,Tlapacoyan
30182,30,182,Tlalnelhuayocan
30181,30,181,Tlalixcoyan
30110,30,110,Mixtla de Altamirano
30111,30,111,Moloacán
30180,30,180,Tlachichilco
30178,30,178,Tlacotalpan
30175,30,175,Tihuatlán
30201,30,201,Zongolica
30208,30,208,Carlos A. Carrillo
30207,30,207,Tres Valles
30204,30,204,Agua Dulce
30202,30,202,Zontecomatlán de López y Fuentes
30200,30,200,Zentla
30186,30,186,Tomatlán
30197,30,197,Yecuatla
30196,30,196,Yanga
30137,30,137,Los Reyes
30184,30,184,Tlaquilpa
30105,30,105,Medellín de Bravo
30043,30,043,Comapa
30042,30,042,Colipa
30019,30,019,Astacinga
30163,30,163,Tenochtitlán
30115,30,115,Nogales
30114,30,114,Nautla
30113,30,113,Naranjal
30010,30,010,Altotonga
30097,30,097,Lerdo de Tejada
30087,30,087,Xalapa
30149,30,149,Soteapan
30150,30,150,Tamalín
30148,30,148,Soledad de Doblado
30147,30,147,Soledad Atzompa
30064,30,064,Chumatlán
30074,30,074,Huiloapan de Cuauhtémoc
30168,30,168,Tequila
30166,30,166,Tepetlán
30165,30,165,Tepatlaxco
30164,30,164,Teocelo
30126,30,126,Paso de Ovejas
30050,30,050,Coxquihui
30046,30,046,Cosautlán de Carvajal
30004,30,004,Actopan
30128,30,128,Perote
30145,30,145,Soconusco
30146,30,146,Sochiapa
30098,30,098,Magdalena
30107,30,107,Las Minas
30116,30,116,Oluta
30131,30,131,Poza Rica de Hidalgo
30136,30,136,Rafael Lucio
30138,30,138,Río Blanco
30140,30,140,San Andrés Tenejapan
30156,30,156,Tatatila
30157,30,157,Castillo de Teayo
30158,30,158,Tecolutla
30159,30,159,Tehuipango
30160,30,160,Álamo Temapache
30161,30,161,Tempoal
30162,30,162,Tenampa
30078,30,078,Ixcatepec
30167,30,167,Tepetzintla
30169,30,169,José Azueta
30185,30,185,Tlilapan
30190,30,190,Tuxtilla
30003,30,003,Acayucan
30194,30,194,Villa Aldama
30199,30,199,Zaragoza
30206,30,206,Nanchital de Lázaro Cárdenas del Río
30011,30,011,Alvarado
30012,30,012,Amatitlán
30015,30,015,Angel R. Cabada
30016,30,016,La Antigua
30017,30,017,Apazapan
30117,30,117,Omealca
30044,30,044,Córdoba
30047,30,047,Coscomatepec
30049,30,049,Cotaxtla
30052,30,052,Cuichapa
30099,30,099,Maltrata
30100,30,100,Manlio Fabio Altamirano
30198,30,198,Zacualpan
30139,30,139,Saltabarranca
30041,30,041,Coetzala
30058,30,058,Chicontepec
30135,30,135,Rafael Delgado
30176,30,176,Tlacojalpan
30120,30,120,Oteapan
30020,30,020,Atlahuilco
30021,30,021,Atoyac
30022,30,022,Atzacan
30023,30,023,Atzalan
30024,30,024,Tlaltetela
30025,30,025,Ayahualulco
30026,30,026,Banderilla
30027,30,027,Benito Juárez
30028,30,028,Boca del Río
30029,30,029,Calcahualco
30030,30,030,Camerino Z. Mendoza
30033,30,033,Cazones de Herrera
30034,30,034,Cerro Azul
30065,30,065,Emiliano Zapata
30066,30,066,Espinal
30067,30,067,Filomeno Mata
30068,30,068,Fortín
30070,30,070,Hidalgotitlán
30072,30,072,Huayacocotla
30073,30,073,Hueyapan de Ocampo
30075,30,075,Ignacio de la Llave
30112,30,112,Naolinco
30109,30,109,Misantla
30141,30,141,San Andrés Tuxtla
30142,30,142,San Juan Evangelista
30143,30,143,Santiago Tuxtla
30144,30,144,Sayula de Alemán
30151,30,151,Tamiahua
30152,30,152,Tampico Alto
30153,30,153,Tancoco
30154,30,154,Tantima
30155,30,155,Tantoyuca
30187,30,187,Tonayán
30188,30,188,Totutla
30189,30,189,Tuxpan
30191,30,191,Ursulo Galván
30192,30,192,Vega de Alatorre
30195,30,195,Xoxocotla
30210,30,210,Uxpanapa
30211,30,211,San Rafael
30212,30,212,Santiago Sochiapan
30048,30,048,Cosoleacaque
30059,30,059,Chinameca
30209,30,209,Tatahuicapan de Juárez
30173,30,173,Tezonapa
30205,30,205,El Higo
30203,30,203,Zozocolco de Hidalgo
30031,30,031,Carrillo Puerto
30079,30,079,Ixhuacán de los Reyes
30069,30,069,Gutiérrez Zamora
30101,30,101,Mariano Escobedo
30103,30,103,Mecatlán
30104,30,104,Mecayapan
30106,30,106,Miahuatlán
30102,30,102,Martínez de la Torre
30108,30,108,Minatitlán
30193,30,193,Veracruz
30177,30,177,Tlacolulan
30179,30,179,Tlacotepec de Mejía
30174,30,174,Tierra Blanca
30172,30,172,Texistepec
30171,30,171,Texhuacán
30170,30,170,Texcatepec
30134,30,134,Puente Nacional
30001,30,001,Acajete
30133,30,133,Pueblo Viejo
30132,30,132,Las Vigas de Ramírez
30122,30,122,Pajapan
30130,30,130,Playa Vicente
30129,30,129,Platón Sánchez
30125,30,125,Paso del Macho
30124,30,124,Papantla
30127,30,127,La Perla
30123,30,123,Pánuco
30002,30,002,Acatlán
30005,30,005,Acula
30121,30,121,Ozuluama de Mascareñas
30119,30,119,Otatitlán
30006,30,006,Acultzingo
30118,30,118,Orizaba
30096,30,096,Landero y Coss
30095,30,095,Juchique de Ferrer
30094,30,094,Juan Rodríguez Clara
30093,30,093,Jilotepec
30007,30,007,Camarón de Tejeda
30008,30,008,Alpatláhuac
30009,30,009,Alto Lucero de Gutiérrez Barrios
30071,30,071,Huatusco
30092,30,092,Xico
30091,30,091,Jesús Carranza
30090,30,090,Jamapa
30089,30,089,Jáltipan
30088,30,088,Jalcomulco
30086,30,086,Jalacingo
30018,30,018,Aquila
30035,30,035,Citlaltépetl
30036,30,036,Coacoatzintla
30037,30,037,Coahuitlán
30085,30,085,Ixtaczoquitlán
30084,30,084,Ixmatlahuacan
30083,30,083,Ixhuatlán de Madero
30082,30,082,Ixhuatlán del Sureste
30081,30,081,Ixhuatlancillo
30038,30,038,Coatepec
30039,30,039,Coatzacoalcos
30040,30,040,Coatzintla
30032,30,032,Catemaco
30080,30,080,Ixhuatlán del Café
30077,30,077,Isla
30076,30,076,Ilamatlán
30063,30,063,Chontla
30062,30,062,Chocamán
30061,30,061,Las Choapas
30013,30,013,Naranjos Amatlán
30014,30,014,Amatlán de los Reyes
30060,30,060,Chinampa de Gorostiza
30045,30,045,Cosamaloapan de Carpio
30057,30,057,Chiconquiaco
31054,31,054,Muxupip
31051,31,051,Mocochá
31046,31,046,Mama
31045,31,045,Kopomá
31014,31,014,Cuncunul
31029,31,029,Dzilam González
31006,31,006,Buctzotz
31093,31,093,Tixkokob
31092,31,092,Tixcacalcupul
31061,31,061,Río Lagartos
31008,31,008,Calotmul
31011,31,011,Celestún
31081,31,081,Tekom
31017,31,017,Chankom
31091,31,091,Tinum
31096,31,096,Tizimín
31018,31,018,Chapab
31059,31,059,Progreso
31040,31,040,Izamal
31085,31,085,Temozón
31052,31,052,Motul
31048,31,048,Maxcanú
31047,31,047,Maní
31036,31,036,Homún
31104,31,104,Yaxcabá
31101,31,101,Umán
31102,31,102,Valladolid
31071,31,071,Sudzal
31069,31,069,Sotuta
31067,31,067,Seyé
31050,31,050,Mérida
31065,31,065,San Felipe
31084,31,084,Temax
31079,31,079,Tekax
31064,31,064,Sanahcat
31001,31,001,Abalá
31049,31,049,Mayapán
31032,31,032,Espita
31024,31,024,Chumayel
31022,31,022,Chikindzonot
31094,31,094,Tixméhuac
31106,31,106,Yobaín
31105,31,105,Yaxkukul
31103,31,103,Xocchel
31097,31,097,Tunkás
31095,31,095,Tixpéhual
31090,31,090,Timucuy
31088,31,088,Teya
31087,31,087,Tetiz
31086,31,086,Tepakán
31083,31,083,Telchac Puerto
31082,31,082,Telchac Pueblo
31080,31,080,Tekit
31055,31,055,Opichén
31078,31,078,Tekantó
31077,31,077,Tekal de Venegas
31074,31,074,Tahmek
31073,31,073,Tahdziú
31072,31,072,Suma
31070,31,070,Sucilá
31068,31,068,Sinanché
31063,31,063,Samahil
31060,31,060,Quintana Roo
31053,31,053,Muna
31044,31,044,Kinchil
31066,31,066,Santa Elena
31043,31,043,Kaua
31020,31,020,Chicxulub Pueblo
31039,31,039,Ixil
31037,31,037,Huhí
31035,31,035,Hoctún
31034,31,034,Hocabá
31033,31,033,Halachó
31031,31,031,Dzoncauich
31027,31,027,Dzidzantún
31026,31,026,Dzemul
31089,31,089,Ticul
31025,31,025,Dzan
31098,31,098,Tzucacab
31042,31,042,Kantunil
31062,31,062,Sacalum
31075,31,075,Teabo
31023,31,023,Chocholá
31016,31,016,Chacsinkín
31015,31,015,Cuzamá
31013,31,013,Conkal
31056,31,056,Oxkutzcab
31057,31,057,Panabá
31012,31,012,Cenotillo
31010,31,010,Cantamayec
31009,31,009,Cansahcab
31007,31,007,Cacalchén
31005,31,005,Bokobá
31004,31,004,Baca
31003,31,003,Akil
31076,31,076,Tecoh
31019,31,019,Chemax
31028,31,028,Dzilam de Bravo
31058,31,058,Peto
31021,31,021,Chichimilá
31030,31,030,Dzitás
31038,31,038,Hunucmá
31041,31,041,Kanasín
31099,31,099,Uayma
31100,31,100,Ucú
31002,31,002,Acanceh
32029,32,029,Miguel Auza
32028,32,028,Mezquital del Oro
32027,32,027,Melchor Ocampo
32026,32,026,Mazapil
32025,32,025,Luis Moya
32024,32,024,Loreto
32008,32,008,Cuauhtémoc
32031,32,031,Monte Escobedo
32022,32,022,Juan Aldama
32018,32,018,Huanusco
32052,32,052,Villa García
32016,32,016,General Pánfilo Natera
32054,32,054,Villa Hidalgo
32006,32,006,Cañitas de Felipe Pescador
32013,32,013,General Enrique Estrada
32007,32,007,Concepción del Oro
32034,32,034,Nochistlán de Mejía
32053,32,053,Villa González Ortega
32055,32,055,Villanueva
32003,32,003,Atolinga
32039,32,039,Río Grande
32038,32,038,Pinos
32015,32,015,El Plateado de Joaquín Amaro
32017,32,017,Guadalupe
32020,32,020,Jerez
32023,32,023,Juchipila
32058,32,058,Santa María de la Paz
32036,32,036,Ojocaliente
32057,32,057,Trancoso
32030,32,030,Momax
32032,32,032,Morelos
32056,32,056,Zacatecas
32035,32,035,Noria de Ángeles
32005,32,005,Calera
32010,32,010,Fresnillo
32001,32,001,Apozol
32011,32,011,Trinidad García de la Cadena
32002,32,002,Apulco
32040,32,040,Sain Alto
32041,32,041,El Salvador
32037,32,037,Pánuco
32021,32,021,Jiménez del Teul
32047,32,047,Teúl de González Ortega
32045,32,045,Tepechitlán
32051,32,051,Villa de Cos
32050,32,050,Vetagrande
32049,32,049,Valparaíso
32048,32,048,Tlaltenango de Sánchez Román
32019,32,019,Jalpa
32033,32,033,Moyahua de Estrada
32012,32,012,Genaro Codina
32046,32,046,Tepetongo
32044,32,044,Tabasco
32004,32,004,Benito Juárez
32043,32,043,Susticacán
32042,32,042,Sombrerete
32014,32,014,General Francisco R. Murguía
32009,32,009,Chalchihuites
